id;name;category;main_imagen;images;sizes;price;sku;updated_at;alt_text
1;Afrodita Fotopegada;Boda;https://pedidos.colorexlab.com/1375-large_default/afrodita-fotopegada.jpg;"https://pedidos.colorexlab.com/1375-home_default/afrodita-fotopegada.jpg
https://pedidos.colorexlab.com/1542-home_default/afrodita-fotopegada.jpg
https://pedidos.colorexlab.com/1541-home_default/afrodita-fotopegada.jpg
https://pedidos.colorexlab.com/1543-home_default/afrodita-fotopegada.jpg";30x25   35x25   35x35;;;;
2;Ante;Boda;https://pedidos.colorexlab.com/1756-large_default/ante.jpg;"https://pedidos.colorexlab.com/1756-home_default/ante.jpg
https://pedidos.colorexlab.com/1755-home_default/ante.jpg
https://pedidos.colorexlab.com/1758-home_default/ante.jpg
https://pedidos.colorexlab.com/1761-home_default/ante.jpg";30x30   35x25   35x35   40x30;;;;
3;Artemisa;Boda;https://pedidos.colorexlab.com/1685-large_default/artemisa.jpg;"https://pedidos.colorexlab.com/1685-home_default/artemisa.jpg
https://pedidos.colorexlab.com/4114-home_default/artemisa.jpg
https://pedidos.colorexlab.com/2162-home_default/artemisa.jpg
https://pedidos.colorexlab.com/4113-home_default/artemisa.jpg";30x30   35x25   35x35   40x30;;;;
4;Caja Wood Wedding;Boda;https://pedidos.colorexlab.com/4084-large_default/caja-wood-wedding.jpg;"https://pedidos.colorexlab.com/4084-home_default/caja-wood-wedding.jpg
https://pedidos.colorexlab.com/4085-home_default/caja-wood-wedding.jpg
https://pedidos.colorexlab.com/4086-home_default/caja-wood-wedding.jpg
https://pedidos.colorexlab.com/4087-home_default/caja-wood-wedding.jpg";30x30   35x25   40x30;;;;
5;Colorex;Boda;https://pedidos.colorexlab.com/663-large_default/colorex.jpg;"https://pedidos.colorexlab.com/663-home_default/colorex.jpg
https://pedidos.colorexlab.com/660-home_default/colorex.jpg
https://pedidos.colorexlab.com/661-home_default/colorex.jpg
https://pedidos.colorexlab.com/664-home_default/colorex.jpg";30x30   35x25   29x36 V   36x29   35x35   30x40 V   40x30;;;;
6;Colorex Fotopegada;Boda;https://pedidos.colorexlab.com/1404-large_default/colorex-fotopegada.jpg;"https://pedidos.colorexlab.com/1404-home_default/colorex-fotopegada.jpg
https://pedidos.colorexlab.com/1549-home_default/colorex-fotopegada.jpg
https://pedidos.colorexlab.com/1406-home_default/colorex-fotopegada.jpg
https://pedidos.colorexlab.com/1405-home_default/colorex-fotopegada.jpg";30x25   25x25   35x25   35x35;;;;
7;Corak;Boda;https://pedidos.colorexlab.com/1615-large_default/corak.jpg;"https://pedidos.colorexlab.com/1615-home_default/corak.jpg
https://pedidos.colorexlab.com/1616-home_default/corak.jpg
https://pedidos.colorexlab.com/1617-home_default/corak.jpg
https://pedidos.colorexlab.com/1618-home_default/corak.jpg";30x30   35x25   36x29   35x35   30x40 V   40x30;;;;
8;Corak Fotopegada;Boda;https://pedidos.colorexlab.com/1376-large_default/corak-fotopegada.jpg;"https://pedidos.colorexlab.com/1376-home_default/corak-fotopegada.jpg
https://pedidos.colorexlab.com/1537-home_default/corak-fotopegada.jpg
https://pedidos.colorexlab.com/1538-home_default/corak-fotopegada.jpg
https://pedidos.colorexlab.com/1539-home_default/corak-fotopegada.jpg";30x25   35x25   35x35;;;;
9;Cotolino;Boda;https://pedidos.colorexlab.com/1280-large_default/cotolino.jpg;"https://pedidos.colorexlab.com/1280-home_default/cotolino.jpg
https://pedidos.colorexlab.com/1279-home_default/cotolino.jpg
https://pedidos.colorexlab.com/1283-home_default/cotolino.jpg
https://pedidos.colorexlab.com/1281-home_default/cotolino.jpg";30x30   35x25   29x36 V   36x29   35x35   30x40 V   40x30;;;;
10;Cotolino Ante;Boda;https://pedidos.colorexlab.com/1739-large_default/cotolino-ante.jpg;"https://pedidos.colorexlab.com/1739-home_default/cotolino-ante.jpg
https://pedidos.colorexlab.com/4476-home_default/cotolino-ante.jpg
https://pedidos.colorexlab.com/1741-home_default/cotolino-ante.jpg
https://pedidos.colorexlab.com/1742-home_default/cotolino-ante.jpg";30x30   35x25   35x35   40x30;;;;
11;Cotolino Fotopegada;Boda;https://pedidos.colorexlab.com/1379-large_default/cotolino-fotopegada.jpg;"https://pedidos.colorexlab.com/1379-home_default/cotolino-fotopegada.jpg
https://pedidos.colorexlab.com/1525-home_default/cotolino-fotopegada.jpg
https://pedidos.colorexlab.com/1526-home_default/cotolino-fotopegada.jpg
https://pedidos.colorexlab.com/1527-home_default/cotolino-fotopegada.jpg";30x25   25x25   35x25   35x35;;;;
12;Crystal;Boda;https://pedidos.colorexlab.com/3684-large_default/metacrilato.jpg;"https://pedidos.colorexlab.com/3684-home_default/metacrilato.jpg
https://pedidos.colorexlab.com/3685-home_default/metacrilato.jpg
https://pedidos.colorexlab.com/3687-home_default/metacrilato.jpg";30x30   35x25   36x29   35x35   40x30;;;;
13;Fine Art;Boda;https://pedidos.colorexlab.com/2392-large_default/fine-art.jpg;"https://pedidos.colorexlab.com/2392-home_default/fine-art.jpg
https://pedidos.colorexlab.com/2393-home_default/fine-art.jpg
https://pedidos.colorexlab.com/2394-home_default/fine-art.jpg
https://pedidos.colorexlab.com/2395-home_default/fine-art.jpg";30x20   30x30   40x28;;;;
14;Florencia Ring;Boda;https://pedidos.colorexlab.com/4209-large_default/florencia-ring.jpg;"https://pedidos.colorexlab.com/4209-home_default/florencia-ring.jpg
https://pedidos.colorexlab.com/4212-home_default/florencia-ring.jpg";30x30   35x25   36x29   35x35   40x30;;;;
15;Libretto;Boda;https://pedidos.colorexlab.com/1769-large_default/libretto.jpg;"https://pedidos.colorexlab.com/1769-home_default/libretto.jpg
https://pedidos.colorexlab.com/1768-home_default/libretto.jpg
https://pedidos.colorexlab.com/1770-home_default/libretto.jpg
https://pedidos.colorexlab.com/1771-home_default/libretto.jpg";20x20   25x25   25x30 V   30x30;;;;
16;Libro de firmas Fotográfico;Boda;https://pedidos.colorexlab.com/2066-large_default/libro-de-firmas-fotografico.jpg;"https://pedidos.colorexlab.com/2066-home_default/libro-de-firmas-fotografico.jpg
https://pedidos.colorexlab.com/2067-home_default/libro-de-firmas-fotografico.jpg
https://pedidos.colorexlab.com/2068-home_default/libro-de-firmas-fotografico.jpg
https://pedidos.colorexlab.com/2069-home_default/libro-de-firmas-fotografico.jpg";30x30;;;;
17;Libro de Testigos;Boda;https://pedidos.colorexlab.com/4148-large_default/libro-de-testigos.jpg;"https://pedidos.colorexlab.com/4148-home_default/libro-de-testigos.jpg
https://pedidos.colorexlab.com/4149-home_default/libro-de-testigos.jpg
https://pedidos.colorexlab.com/4150-home_default/libro-de-testigos.jpg
https://pedidos.colorexlab.com/4151-home_default/libro-de-testigos.jpg";33x33   25x36 V;;;;
18;Lino Combinado;Boda;https://pedidos.colorexlab.com/4555-large_default/lino-combinado.jpg;"https://pedidos.colorexlab.com/4555-home_default/lino-combinado.jpg
https://pedidos.colorexlab.com/4417-home_default/lino-combinado.jpg
https://pedidos.colorexlab.com/1702-home_default/lino-combinado.jpg
https://pedidos.colorexlab.com/4420-home_default/lino-combinado.jpg";30x30   25x35   35x25   36x29   35x35   30x40   40x30;;;;
19;Lino Combinado Fotopegada;Boda;https://pedidos.colorexlab.com/1377-large_default/lino-combinado-fotopegada.jpg;"https://pedidos.colorexlab.com/1377-home_default/lino-combinado-fotopegada.jpg
https://pedidos.colorexlab.com/4486-home_default/lino-combinado-fotopegada.jpg
https://pedidos.colorexlab.com/4487-home_default/lino-combinado-fotopegada.jpg
https://pedidos.colorexlab.com/4488-home_default/lino-combinado-fotopegada.jpg";30x25   25x25   35x25   35x35;;;;
20;Lino Vintage;Boda;https://pedidos.colorexlab.com/4009-large_default/lino-vintage.jpg;"https://pedidos.colorexlab.com/4009-home_default/lino-vintage.jpg
https://pedidos.colorexlab.com/4010-home_default/lino-vintage.jpg
https://pedidos.colorexlab.com/4011-home_default/lino-vintage.jpg
https://pedidos.colorexlab.com/4012-home_default/lino-vintage.jpg";30x30   35x25   36x29   35x35   30x40   40x30;;;;
21;Lino Vintage Fotopegada;Boda;https://pedidos.colorexlab.com/4023-large_default/lino-vintage-fotopegada.jpg;"https://pedidos.colorexlab.com/4023-home_default/lino-vintage-fotopegada.jpg
https://pedidos.colorexlab.com/4024-home_default/lino-vintage-fotopegada.jpg
https://pedidos.colorexlab.com/1529-home_default/lino-vintage-fotopegada.jpg
https://pedidos.colorexlab.com/4025-home_default/lino-vintage-fotopegada.jpg";30x25   35x25   35x35;;;;
22;Mármara;Boda;https://pedidos.colorexlab.com/4169-large_default/marmara.jpg;"https://pedidos.colorexlab.com/4169-home_default/marmara.jpg
https://pedidos.colorexlab.com/4170-home_default/marmara.jpg";30x30   35x25   40x30;;;;
23;Minimalista;Boda;https://pedidos.colorexlab.com/4386-large_default/minimalista.jpg;"https://pedidos.colorexlab.com/4386-home_default/minimalista.jpg
https://pedidos.colorexlab.com/4387-home_default/minimalista.jpg
https://pedidos.colorexlab.com/4388-home_default/minimalista.jpg
https://pedidos.colorexlab.com/4389-home_default/minimalista.jpg";30x30   25x35 V   35x25   29x36 V   36x29   35x35   30x40 V   40x30;;;;
24;Minimalista Fotopegada;Boda;https://pedidos.colorexlab.com/4484-large_default/minimalista-fotopegada.jpg;"https://pedidos.colorexlab.com/4484-home_default/minimalista-fotopegada.jpg
https://pedidos.colorexlab.com/1545-home_default/minimalista-fotopegada.jpg
https://pedidos.colorexlab.com/4478-home_default/minimalista-fotopegada.jpg
https://pedidos.colorexlab.com/1546-home_default/minimalista-fotopegada.jpg";30x25   35x25   35x35;;;;
25;NUEVO Wood Nature;Boda;https://pedidos.colorexlab.com/4156-large_default/wood-nature.jpg;"https://pedidos.colorexlab.com/4156-home_default/wood-nature.jpg
https://pedidos.colorexlab.com/4157-home_default/wood-nature.jpg
https://pedidos.colorexlab.com/4158-home_default/wood-nature.jpg
https://pedidos.colorexlab.com/4159-home_default/wood-nature.jpg";30x30   35x25   35x35   40x30;;;;
26;Oriel;Boda;https://pedidos.colorexlab.com/1449-large_default/oriel.jpg;"https://pedidos.colorexlab.com/1449-home_default/oriel.jpg
https://pedidos.colorexlab.com/4549-home_default/oriel.jpg
https://pedidos.colorexlab.com/1444-home_default/oriel.jpg
https://pedidos.colorexlab.com/4108-home_default/oriel.jpg";30x30   35x25   36x29   35x35   30x40 V   40x30;;;;
27;Pack 1 - Love Family;Boda;https://pedidos.colorexlab.com/2183-large_default/pack-uno-love-family.jpg;"https://pedidos.colorexlab.com/2183-home_default/pack-uno-love-family.jpg
https://pedidos.colorexlab.com/2184-home_default/pack-uno-love-family.jpg
https://pedidos.colorexlab.com/2185-home_default/pack-uno-love-family.jpg
https://pedidos.colorexlab.com/2186-home_default/pack-uno-love-family.jpg";Álbum 30x30 + 2 Álbumes Familiares 25x25   Álbum 35x25 + 2 Álbumes Familiares 26x20   Álbum 35x35 + 2 Álbumes Familiares 25x25   Álbum 30x40 V + 2 Álbumes Familiares 19x26 V   Álbum 40x30 + 2 Álbumes Familiares 26x19;;;;
28;Pack 2 - Watercolor;Boda;https://pedidos.colorexlab.com/2208-large_default/pack-dos-watercolor.jpg;"https://pedidos.colorexlab.com/2208-home_default/pack-dos-watercolor.jpg
https://pedidos.colorexlab.com/2206-home_default/pack-dos-watercolor.jpg
https://pedidos.colorexlab.com/2207-home_default/pack-dos-watercolor.jpg
https://pedidos.colorexlab.com/5001-home_default/pack-dos-watercolor.jpg";Álbum 30x30 + 2 Álbumes Familiares 25x25   Álbum 35x25 + 2 Álbumes Familiares 26x20;;;;
29;Pack 3 - Colorex;Boda;https://pedidos.colorexlab.com/4236-large_default/pack-tres-colorex.jpg;"https://pedidos.colorexlab.com/4236-home_default/pack-tres-colorex.jpg
https://pedidos.colorexlab.com/2224-home_default/pack-tres-colorex.jpg
https://pedidos.colorexlab.com/2212-home_default/pack-tres-colorex.jpg
https://pedidos.colorexlab.com/5002-home_default/pack-tres-colorex.jpg";Álbum 30x30 + 2 Álbumes Familiares 25x25   Álbum 35x25 + 2 Álbumes Familiares 26x20   Álbum 35x35 + 2 Álbumes Familiares 25x25   Álbum 30x40 V + 2 Álbumes Familiares 19x26 V   Álbum 40x30 + 2 Álbumes Familiares 26x19;;;;
30;Pack 3 Cajas de Madera 35x35;Boda;https://pedidos.colorexlab.com/3948-large_default/pack-3-cajas-de-madera-35x35.jpg;"https://pedidos.colorexlab.com/3948-home_default/pack-3-cajas-de-madera-35x35.jpg
https://pedidos.colorexlab.com/3949-home_default/pack-3-cajas-de-madera-35x35.jpg
https://pedidos.colorexlab.com/3950-home_default/pack-3-cajas-de-madera-35x35.jpg";35x35;;;;
31;Pack 4 - Solapa;Boda;https://pedidos.colorexlab.com/2200-large_default/pack-cuatro-solapa.jpg;"https://pedidos.colorexlab.com/2200-home_default/pack-cuatro-solapa.jpg
https://pedidos.colorexlab.com/2201-home_default/pack-cuatro-solapa.jpg
https://pedidos.colorexlab.com/2203-home_default/pack-cuatro-solapa.jpg
https://pedidos.colorexlab.com/5003-home_default/pack-cuatro-solapa.jpg";Álbum 30x30 + 2 Álbumes Familiares 25x25   Álbum 35x25 + 2 Álbumes Familiares 26x20   Álbum 36x29 + 2 Álbumes Familiares 23x20   Álbum 40x30 + 2 Álbumes Familiares 26x19;;;;
32;Pack 5 - Basic;Boda;https://pedidos.colorexlab.com/4237-large_default/pack-cinco-basic.jpg;"https://pedidos.colorexlab.com/4237-home_default/pack-cinco-basic.jpg
https://pedidos.colorexlab.com/2219-home_default/pack-cinco-basic.jpg
https://pedidos.colorexlab.com/2221-home_default/pack-cinco-basic.jpg
https://pedidos.colorexlab.com/2222-home_default/pack-cinco-basic.jpg";30x25;;;;
33;Pack 6 - Editorial 2+1;Boda;https://pedidos.colorexlab.com/4238-large_default/pack-seis-editorial-21.jpg;"https://pedidos.colorexlab.com/4238-home_default/pack-seis-editorial-21.jpg
https://pedidos.colorexlab.com/2238-home_default/pack-seis-editorial-21.jpg
https://pedidos.colorexlab.com/2235-home_default/pack-seis-editorial-21.jpg
https://pedidos.colorexlab.com/2236-home_default/pack-seis-editorial-21.jpg";30x20;;;;
34;Pack 7 - Organic Book;Boda;https://pedidos.colorexlab.com/1085-large_default/pack-siete-organic-book.jpg;"https://pedidos.colorexlab.com/1085-home_default/pack-siete-organic-book.jpg
https://pedidos.colorexlab.com/1086-home_default/pack-siete-organic-book.jpg
https://pedidos.colorexlab.com/1087-home_default/pack-siete-organic-book.jpg
https://pedidos.colorexlab.com/1088-home_default/pack-siete-organic-book.jpg";Álbum 30x30 + 2 Álbumes 25x25   Álbum 35x25 + 2 Álbumes 26x20   Álbum 35x35 + 2 Álbumes 25x25   Álbum 40x30 + 2 Álbumes 26x19;;;;
35;Pack 8 - Paspartú;Boda;https://pedidos.colorexlab.com/2240-large_default/pack-ocho-paspartu.jpg;"https://pedidos.colorexlab.com/2240-home_default/pack-ocho-paspartu.jpg
https://pedidos.colorexlab.com/3922-home_default/pack-ocho-paspartu.jpg
https://pedidos.colorexlab.com/2241-home_default/pack-ocho-paspartu.jpg
https://pedidos.colorexlab.com/2242-home_default/pack-ocho-paspartu.jpg";15x20   20x15   20x20;;;;
36;Pack 9 - Copias Rígidas;Boda;https://pedidos.colorexlab.com/3862-large_default/pack-9-copias-rigidas-boda.jpg;"https://pedidos.colorexlab.com/3862-home_default/pack-9-copias-rigidas-boda.jpg
https://pedidos.colorexlab.com/3864-home_default/pack-9-copias-rigidas-boda.jpg
https://pedidos.colorexlab.com/3861-home_default/pack-9-copias-rigidas-boda.jpg
https://pedidos.colorexlab.com/3865-home_default/pack-9-copias-rigidas-boda.jpg";;;;;
37;Pack Tradicional;Boda;https://pedidos.colorexlab.com/3934-large_default/pack-tradicional-comunion.jpg;"https://pedidos.colorexlab.com/3934-home_default/pack-tradicional-comunion.jpg
https://pedidos.colorexlab.com/3935-home_default/pack-tradicional-comunion.jpg
https://pedidos.colorexlab.com/3936-home_default/pack-tradicional-comunion.jpg
https://pedidos.colorexlab.com/3937-home_default/pack-tradicional-comunion.jpg";33x33   25x36 V;;;;
38;Randall;Boda;https://pedidos.colorexlab.com/1766-large_default/randall.jpg;"https://pedidos.colorexlab.com/1766-home_default/randall.jpg
https://pedidos.colorexlab.com/1765-home_default/randall.jpg
https://pedidos.colorexlab.com/1764-home_default/randall.jpg
https://pedidos.colorexlab.com/1767-home_default/randall.jpg";30x30   35x25   35x35   40x30;;;;
39;Ribbon;Boda;https://pedidos.colorexlab.com/4105-large_default/ribbon.jpg;"https://pedidos.colorexlab.com/4105-home_default/ribbon.jpg
https://pedidos.colorexlab.com/1752-home_default/ribbon.jpg
https://pedidos.colorexlab.com/1751-home_default/ribbon.jpg
https://pedidos.colorexlab.com/1753-home_default/ribbon.jpg";30x30   35x25   40x30;;;;
40;Sensaciones;Boda;https://pedidos.colorexlab.com/625-large_default/sensaciones.jpg;"https://pedidos.colorexlab.com/625-home_default/sensaciones.jpg
https://pedidos.colorexlab.com/4547-home_default/sensaciones.jpg
https://pedidos.colorexlab.com/627-home_default/sensaciones.jpg
https://pedidos.colorexlab.com/632-home_default/sensaciones.jpg";30x30   35x25   36x29   35x35   40x30;;;;
41;Sensaciones Fotopegada;Boda;https://pedidos.colorexlab.com/1380-large_default/sensaciones-fotopegada.jpg;"https://pedidos.colorexlab.com/1380-home_default/sensaciones-fotopegada.jpg
https://pedidos.colorexlab.com/1521-home_default/sensaciones-fotopegada.jpg
https://pedidos.colorexlab.com/1522-home_default/sensaciones-fotopegada.jpg
https://pedidos.colorexlab.com/1523-home_default/sensaciones-fotopegada.jpg";30x25   35x25   35x35;;;;
42;Solapa;Boda;https://pedidos.colorexlab.com/4194-large_default/solapa.jpg;"https://pedidos.colorexlab.com/4194-home_default/solapa.jpg
https://pedidos.colorexlab.com/4195-home_default/solapa.jpg
https://pedidos.colorexlab.com/4196-home_default/solapa.jpg
https://pedidos.colorexlab.com/4197-home_default/solapa.jpg";30x30   35x25   36x29   40x30;;;;
43;Velours;Boda;https://pedidos.colorexlab.com/2501-large_default/velours.jpg;"https://pedidos.colorexlab.com/2501-home_default/velours.jpg
https://pedidos.colorexlab.com/2502-home_default/velours.jpg
https://pedidos.colorexlab.com/2503-home_default/velours.jpg
https://pedidos.colorexlab.com/2504-home_default/velours.jpg";30x30   25x35 V   35x25   36x29   35x35   30x40 V   40x30;;;;
44;Watercolor;Boda;https://pedidos.colorexlab.com/3984-large_default/watercolor.jpg;"https://pedidos.colorexlab.com/3984-home_default/watercolor.jpg
https://pedidos.colorexlab.com/3991-home_default/watercolor.jpg
https://pedidos.colorexlab.com/3983-home_default/watercolor.jpg
https://pedidos.colorexlab.com/3992-home_default/watercolor.jpg";30x30   35x25   36x29   35x35   30x40 V   40x30;;;;
45;Wave;Boda;https://pedidos.colorexlab.com/3960-large_default/wave.jpg;"https://pedidos.colorexlab.com/3960-home_default/wave.jpg
https://pedidos.colorexlab.com/3959-home_default/wave.jpg
https://pedidos.colorexlab.com/4226-home_default/wave.jpg
https://pedidos.colorexlab.com/3961-home_default/wave.jpg";30x30   35x25   40x30;;;;
46;Wood Nature;Boda;https://pedidos.colorexlab.com/4189-large_default/wood-nature.jpg;"https://pedidos.colorexlab.com/4189-home_default/wood-nature.jpg
https://pedidos.colorexlab.com/4188-home_default/wood-nature.jpg
https://pedidos.colorexlab.com/4190-home_default/wood-nature.jpg
https://pedidos.colorexlab.com/4191-home_default/wood-nature.jpg";30x30   35x25   35x35   40x30;;;;
47;Wood Pattern;Boda;https://pedidos.colorexlab.com/4218-large_default/wood-pattern.jpg;"https://pedidos.colorexlab.com/4218-home_default/wood-pattern.jpg
https://pedidos.colorexlab.com/4219-home_default/wood-pattern.jpg
https://pedidos.colorexlab.com/4220-home_default/wood-pattern.jpg
https://pedidos.colorexlab.com/4221-home_default/wood-pattern.jpg";30x30   35x25   35x35   40x30;;;;
48;Wood Print;Boda;https://pedidos.colorexlab.com/1716-large_default/print.jpg;"https://pedidos.colorexlab.com/1716-home_default/print.jpg
https://pedidos.colorexlab.com/3680-home_default/print.jpg
https://pedidos.colorexlab.com/3682-home_default/print.jpg
https://pedidos.colorexlab.com/1718-home_default/print.jpg";30x30   35x25   40x30;;;;
49;Wood Wedding;Boda;https://pedidos.colorexlab.com/4062-large_default/wood-wedding.jpg;"https://pedidos.colorexlab.com/4062-home_default/wood-wedding.jpg
https://pedidos.colorexlab.com/4060-home_default/wood-wedding.jpg
https://pedidos.colorexlab.com/4061-home_default/wood-wedding.jpg
https://pedidos.colorexlab.com/4063-home_default/wood-wedding.jpg";30x30   35x25   40x30;;;;
50;Ante;Comunión;https://pedidos.colorexlab.com/3257-large_default/ante.jpg;"https://pedidos.colorexlab.com/3257-home_default/ante.jpg
https://pedidos.colorexlab.com/3258-home_default/ante.jpg
https://pedidos.colorexlab.com/3259-home_default/ante.jpg
https://pedidos.colorexlab.com/3260-home_default/ante.jpg";25x25   30x20   30x30   35x25;;;;
51;Artemisa;Comunión;https://pedidos.colorexlab.com/1690-large_default/artemisa.jpg;"https://pedidos.colorexlab.com/1690-home_default/artemisa.jpg
https://pedidos.colorexlab.com/4404-home_default/artemisa.jpg
https://pedidos.colorexlab.com/1688-home_default/artemisa.jpg
https://pedidos.colorexlab.com/4405-home_default/artemisa.jpg";30x30   35x25;;;;
52;Bohemian Comunión;Comunión;https://pedidos.colorexlab.com/4573-large_default/bohemian-comunion.jpg;"https://pedidos.colorexlab.com/4573-home_default/bohemian-comunion.jpg
https://pedidos.colorexlab.com/4574-home_default/bohemian-comunion.jpg
https://pedidos.colorexlab.com/2758-home_default/bohemian-comunion.jpg
https://pedidos.colorexlab.com/2761-home_default/bohemian-comunion.jpg";25x25   30x25   30x30   35x25   40x30;;;;
53;Colorex;Comunión;https://pedidos.colorexlab.com/4769-large_default/colorex.jpg;"https://pedidos.colorexlab.com/4769-home_default/colorex.jpg
https://pedidos.colorexlab.com/4768-home_default/colorex.jpg
https://pedidos.colorexlab.com/4770-home_default/colorex.jpg
https://pedidos.colorexlab.com/4771-home_default/colorex.jpg";25x25   30x20   25x30 V   30x25   30x30   25x35 V   35x25   35x35   40x30;;;;
54;Colorex Lino;Comunión;https://pedidos.colorexlab.com/4860-large_default/colorex-lino.jpg;"https://pedidos.colorexlab.com/4860-home_default/colorex-lino.jpg
https://pedidos.colorexlab.com/4861-home_default/colorex-lino.jpg
https://pedidos.colorexlab.com/4862-home_default/colorex-lino.jpg
https://pedidos.colorexlab.com/4863-home_default/colorex-lino.jpg";25x25   25x30 V   30x30   35x25;;;;
55;Colorex Ribbon;Comunión;https://pedidos.colorexlab.com/4790-large_default/colorex-ribbon.jpg;"https://pedidos.colorexlab.com/4790-home_default/colorex-ribbon.jpg
https://pedidos.colorexlab.com/4791-home_default/colorex-ribbon.jpg
https://pedidos.colorexlab.com/4792-home_default/colorex-ribbon.jpg
https://pedidos.colorexlab.com/4793-home_default/colorex-ribbon.jpg";25x25   25x30 V   30x25   30x30   35x25;;;;
56;Cotolino;Comunión;https://pedidos.colorexlab.com/3772-large_default/cotolino.jpg;"https://pedidos.colorexlab.com/3772-home_default/cotolino.jpg
https://pedidos.colorexlab.com/3774-home_default/cotolino.jpg
https://pedidos.colorexlab.com/3775-home_default/cotolino.jpg
https://pedidos.colorexlab.com/3778-home_default/cotolino.jpg";25x25   30x20   30x30   35x25;;;;
57;Crystal;Comunión;https://pedidos.colorexlab.com/4733-large_default/crystal.jpg;"https://pedidos.colorexlab.com/4733-home_default/crystal.jpg
https://pedidos.colorexlab.com/4732-home_default/crystal.jpg
https://pedidos.colorexlab.com/4734-home_default/crystal.jpg
https://pedidos.colorexlab.com/4735-home_default/crystal.jpg";25x25   30x30   35x25;;;;
58;Doily;Comunión;https://pedidos.colorexlab.com/4959-large_default/doily.jpg;"https://pedidos.colorexlab.com/4959-home_default/doily.jpg
https://pedidos.colorexlab.com/4960-home_default/doily.jpg
https://pedidos.colorexlab.com/4961-home_default/doily.jpg
https://pedidos.colorexlab.com/4962-home_default/doily.jpg";25x25   30x25   30x30   35x25;;;;
59;Garden;Comunión;https://pedidos.colorexlab.com/4814-large_default/garden.jpg;"https://pedidos.colorexlab.com/4814-home_default/garden.jpg
https://pedidos.colorexlab.com/4815-home_default/garden.jpg
https://pedidos.colorexlab.com/4816-home_default/garden.jpg
https://pedidos.colorexlab.com/4817-home_default/garden.jpg";25x25   30x30   35x25;;;;
60;Hera;Comunión;https://pedidos.colorexlab.com/4755-large_default/hera.jpg;"https://pedidos.colorexlab.com/4755-home_default/hera.jpg
https://pedidos.colorexlab.com/4754-home_default/hera.jpg
https://pedidos.colorexlab.com/4756-home_default/hera.jpg
https://pedidos.colorexlab.com/4757-home_default/hera.jpg";30x30   35x25;;;;
61;Leaf;Comunión;https://pedidos.colorexlab.com/4717-large_default/leaf.jpg;"https://pedidos.colorexlab.com/4717-home_default/leaf.jpg
https://pedidos.colorexlab.com/4716-home_default/leaf.jpg
https://pedidos.colorexlab.com/4718-home_default/leaf.jpg
https://pedidos.colorexlab.com/4719-home_default/leaf.jpg";25x25   25x30 V   30x25   30x30   35x25;;;;
62;Libretto;Comunión;https://pedidos.colorexlab.com/4944-large_default/libretto.jpg;"https://pedidos.colorexlab.com/4944-home_default/libretto.jpg
https://pedidos.colorexlab.com/4945-home_default/libretto.jpg
https://pedidos.colorexlab.com/4946-home_default/libretto.jpg
https://pedidos.colorexlab.com/4947-home_default/libretto.jpg";20x20   25x25   25x30 V   30x30;;;;
63;Libro de firmas Fotográfico;Comunión;https://pedidos.colorexlab.com/937-large_default/libro-de-firmas-fotografico.jpg;"https://pedidos.colorexlab.com/937-home_default/libro-de-firmas-fotografico.jpg
https://pedidos.colorexlab.com/936-home_default/libro-de-firmas-fotografico.jpg
https://pedidos.colorexlab.com/938-home_default/libro-de-firmas-fotografico.jpg
https://pedidos.colorexlab.com/939-home_default/libro-de-firmas-fotografico.jpg";30x20;;;;
64;Libro de firmas Libretto;Comunión;https://pedidos.colorexlab.com/946-large_default/libro-de-firmas-libretto.jpg;"https://pedidos.colorexlab.com/946-home_default/libro-de-firmas-libretto.jpg
https://pedidos.colorexlab.com/947-home_default/libro-de-firmas-libretto.jpg
https://pedidos.colorexlab.com/948-home_default/libro-de-firmas-libretto.jpg
https://pedidos.colorexlab.com/949-home_default/libro-de-firmas-libretto.jpg";30x20;;;;
65;Libro de firmas Lux White;Comunión;https://pedidos.colorexlab.com/950-large_default/libro-de-firmas-lux-white.jpg;"https://pedidos.colorexlab.com/950-home_default/libro-de-firmas-lux-white.jpg
https://pedidos.colorexlab.com/951-home_default/libro-de-firmas-lux-white.jpg
https://pedidos.colorexlab.com/952-home_default/libro-de-firmas-lux-white.jpg";24x30;;;;
66;Lino Combinado;Comunión;https://pedidos.colorexlab.com/4568-large_default/lino-combinado.jpg;"https://pedidos.colorexlab.com/4568-home_default/lino-combinado.jpg
https://pedidos.colorexlab.com/4447-home_default/lino-combinado.jpg
https://pedidos.colorexlab.com/3174-home_default/lino-combinado.jpg
https://pedidos.colorexlab.com/3878-home_default/lino-combinado.jpg";25x25   25x30 V   30x25   30x30   25x35 V   35x25;;;;
67;Lino Combinado Fotopegada;Comunión;https://pedidos.colorexlab.com/918-large_default/combinado.jpg;"https://pedidos.colorexlab.com/918-home_default/combinado.jpg
https://pedidos.colorexlab.com/4489-home_default/combinado.jpg
https://pedidos.colorexlab.com/1556-home_default/combinado.jpg
https://pedidos.colorexlab.com/4490-home_default/combinado.jpg";25x25   30x30;;;;
68;Lino Ribbon;Comunión;https://pedidos.colorexlab.com/4802-large_default/lino-ribbon.jpg;"https://pedidos.colorexlab.com/4802-home_default/lino-ribbon.jpg
https://pedidos.colorexlab.com/4803-home_default/lino-ribbon.jpg
https://pedidos.colorexlab.com/4804-home_default/lino-ribbon.jpg
https://pedidos.colorexlab.com/4805-home_default/lino-ribbon.jpg";30x30   35x25;;;;
69;Lino Vintage;Comunión;https://pedidos.colorexlab.com/4877-large_default/lino-vintage.jpg;"https://pedidos.colorexlab.com/4877-home_default/lino-vintage.jpg
https://pedidos.colorexlab.com/4876-home_default/lino-vintage.jpg
https://pedidos.colorexlab.com/4878-home_default/lino-vintage.jpg
https://pedidos.colorexlab.com/4879-home_default/lino-vintage.jpg";25x25   30x30   25x35 V   35x25;;;;
70;Minimalista;Comunión;https://pedidos.colorexlab.com/4455-large_default/minimalista.jpg;"https://pedidos.colorexlab.com/4455-home_default/minimalista.jpg
https://pedidos.colorexlab.com/4456-home_default/minimalista.jpg
https://pedidos.colorexlab.com/4457-home_default/minimalista.jpg
https://pedidos.colorexlab.com/4459-home_default/minimalista.jpg";25x25   30x20   25x30 V   30x30   25x35 V   35x25   35x35   40x30;;;;
71;Modelo 1 Fotopegada;Comunión;https://pedidos.colorexlab.com/920-large_default/modelo-1-fotopegada.jpg;"https://pedidos.colorexlab.com/920-home_default/modelo-1-fotopegada.jpg
https://pedidos.colorexlab.com/1517-home_default/modelo-1-fotopegada.jpg
https://pedidos.colorexlab.com/1516-home_default/modelo-1-fotopegada.jpg
https://pedidos.colorexlab.com/1518-home_default/modelo-1-fotopegada.jpg";30x30;;;;
72;Modelo 2 Fotopegada;Comunión;https://pedidos.colorexlab.com/922-large_default/modelo-2-fotopegada.jpg;"https://pedidos.colorexlab.com/922-home_default/modelo-2-fotopegada.jpg
https://pedidos.colorexlab.com/1519-home_default/modelo-2-fotopegada.jpg
https://pedidos.colorexlab.com/921-home_default/modelo-2-fotopegada.jpg";25x25   30x30;;;;
73;Modelo 3 Fotopegada;Comunión;https://pedidos.colorexlab.com/925-large_default/modelo-3-fotopegada.jpg;"https://pedidos.colorexlab.com/925-home_default/modelo-3-fotopegada.jpg
https://pedidos.colorexlab.com/924-home_default/modelo-3-fotopegada.jpg
https://pedidos.colorexlab.com/926-home_default/modelo-3-fotopegada.jpg";30x25;;;;
74;Modelo 5 Fotopegada;Comunión;https://pedidos.colorexlab.com/927-large_default/modelo-5-fotopegada.jpg;"https://pedidos.colorexlab.com/927-home_default/modelo-5-fotopegada.jpg
https://pedidos.colorexlab.com/1554-home_default/modelo-5-fotopegada.jpg
https://pedidos.colorexlab.com/928-home_default/modelo-5-fotopegada.jpg";25x25   30x30;;;;
75;Modelo 9 Fotopegada;Comunión;https://pedidos.colorexlab.com/931-large_default/modelo-9-fotopegada.jpg;"https://pedidos.colorexlab.com/931-home_default/modelo-9-fotopegada.jpg
https://pedidos.colorexlab.com/1553-home_default/modelo-9-fotopegada.jpg
https://pedidos.colorexlab.com/930-home_default/modelo-9-fotopegada.jpg";25x25   30x30;;;;
76;Motive;Comunión;https://pedidos.colorexlab.com/4843-large_default/motive.jpg;"https://pedidos.colorexlab.com/4843-home_default/motive.jpg
https://pedidos.colorexlab.com/4842-home_default/motive.jpg
https://pedidos.colorexlab.com/4844-home_default/motive.jpg
https://pedidos.colorexlab.com/4845-home_default/motive.jpg";25x25   30x20   30x30   35x25;;;;
77;Oriel;Comunión;https://pedidos.colorexlab.com/4899-large_default/oriel.jpg;"https://pedidos.colorexlab.com/4899-home_default/oriel.jpg
https://pedidos.colorexlab.com/4898-home_default/oriel.jpg
https://pedidos.colorexlab.com/4900-home_default/oriel.jpg
https://pedidos.colorexlab.com/4901-home_default/oriel.jpg";25x25   30x30   25x35 V   35x25;;;;
78;Pack 1 - Bohemian;Comunión;https://pedidos.colorexlab.com/4433-large_default/pack-n1-bohemian.jpg;"https://pedidos.colorexlab.com/4433-home_default/pack-n1-bohemian.jpg
https://pedidos.colorexlab.com/4434-home_default/pack-n1-bohemian.jpg
https://pedidos.colorexlab.com/4435-home_default/pack-n1-bohemian.jpg
https://pedidos.colorexlab.com/2969-home_default/pack-n1-bohemian.jpg";25x25   30x25   30x30   35x25;;;;
79;Pack 10 - Slider;Comunión;https://pedidos.colorexlab.com/4969-large_default/pack-10-slider.jpg;"https://pedidos.colorexlab.com/4969-home_default/pack-10-slider.jpg
https://pedidos.colorexlab.com/4970-home_default/pack-10-slider.jpg
https://pedidos.colorexlab.com/4971-home_default/pack-10-slider.jpg
https://pedidos.colorexlab.com/4972-home_default/pack-10-slider.jpg";30x30;;;;
80;Pack 11 - Sensaciones Mix;Comunión;https://pedidos.colorexlab.com/5004-large_default/pack-11-sensaciones-mix.jpg;"https://pedidos.colorexlab.com/5004-home_default/pack-11-sensaciones-mix.jpg
https://pedidos.colorexlab.com/5005-home_default/pack-11-sensaciones-mix.jpg
https://pedidos.colorexlab.com/5006-home_default/pack-11-sensaciones-mix.jpg
https://pedidos.colorexlab.com/5007-home_default/pack-11-sensaciones-mix.jpg";30x30   35x25;;;;
81;Pack 12 - Lino Mix;Comunión;https://pedidos.colorexlab.com/5021-large_default/pack-12-album-lino-cristal-mix.jpg;"https://pedidos.colorexlab.com/5021-home_default/pack-12-album-lino-cristal-mix.jpg
https://pedidos.colorexlab.com/5020-home_default/pack-12-album-lino-cristal-mix.jpg
https://pedidos.colorexlab.com/5022-home_default/pack-12-album-lino-cristal-mix.jpg
https://pedidos.colorexlab.com/5023-home_default/pack-12-album-lino-cristal-mix.jpg";30x30   35x25;;;;
82;Pack 13 - Doily;Comunión;https://pedidos.colorexlab.com/4988-large_default/pack-13-doily.jpg;"https://pedidos.colorexlab.com/4988-home_default/pack-13-doily.jpg
https://pedidos.colorexlab.com/4987-home_default/pack-13-doily.jpg
https://pedidos.colorexlab.com/4989-home_default/pack-13-doily.jpg
https://pedidos.colorexlab.com/4990-home_default/pack-13-doily.jpg";25x25   30x25   30x30   35x25;;;;
83;Pack 3 - Lino Combinado;Comunión;https://pedidos.colorexlab.com/4616-large_default/pack-n3-lino-combinado.jpg;"https://pedidos.colorexlab.com/4616-home_default/pack-n3-lino-combinado.jpg
https://pedidos.colorexlab.com/4617-home_default/pack-n3-lino-combinado.jpg
https://pedidos.colorexlab.com/4618-home_default/pack-n3-lino-combinado.jpg
https://pedidos.colorexlab.com/4619-home_default/pack-n3-lino-combinado.jpg";25x25   25x30 V   30x25   30x30   25x35 V   35x25;;;;
84;Pack 4 - Crystal;Comunión;https://pedidos.colorexlab.com/4626-large_default/pack-n4-crystal.jpg;"https://pedidos.colorexlab.com/4626-home_default/pack-n4-crystal.jpg
https://pedidos.colorexlab.com/4627-home_default/pack-n4-crystal.jpg
https://pedidos.colorexlab.com/4628-home_default/pack-n4-crystal.jpg
https://pedidos.colorexlab.com/4629-home_default/pack-n4-crystal.jpg";30x30   35x25;;;;
85;Pack 5 - Cristal Mix;Comunión;https://pedidos.colorexlab.com/4634-large_default/pack-n5-cristal-mix.jpg;"https://pedidos.colorexlab.com/4634-home_default/pack-n5-cristal-mix.jpg
https://pedidos.colorexlab.com/4635-home_default/pack-n5-cristal-mix.jpg
https://pedidos.colorexlab.com/4636-home_default/pack-n5-cristal-mix.jpg
https://pedidos.colorexlab.com/4637-home_default/pack-n5-cristal-mix.jpg";30x30   35x25;;;;
86;Pack 6 - Colorex Basic;Comunión;https://pedidos.colorexlab.com/3756-large_default/pack-n6-colorex-basic.jpg;"https://pedidos.colorexlab.com/3756-home_default/pack-n6-colorex-basic.jpg
https://pedidos.colorexlab.com/3026-home_default/pack-n6-colorex-basic.jpg
https://pedidos.colorexlab.com/3027-home_default/pack-n6-colorex-basic.jpg
https://pedidos.colorexlab.com/3757-home_default/pack-n6-colorex-basic.jpg";25x25   30x30;;;;
87;Pack 7 - Colorex Standard;Comunión;https://pedidos.colorexlab.com/4648-large_default/pack-n7-colorex-standard.jpg;"https://pedidos.colorexlab.com/4648-home_default/pack-n7-colorex-standard.jpg
https://pedidos.colorexlab.com/4649-home_default/pack-n7-colorex-standard.jpg
https://pedidos.colorexlab.com/4650-home_default/pack-n7-colorex-standard.jpg
https://pedidos.colorexlab.com/4651-home_default/pack-n7-colorex-standard.jpg";25x25   25x30 V   30x25;;;;
88;Pack 8 - Colorex Deluxe 35x25;Comunión;https://pedidos.colorexlab.com/4668-large_default/pack-n8-colorex-deluxe.jpg;"https://pedidos.colorexlab.com/4668-home_default/pack-n8-colorex-deluxe.jpg
https://pedidos.colorexlab.com/4669-home_default/pack-n8-colorex-deluxe.jpg
https://pedidos.colorexlab.com/4670-home_default/pack-n8-colorex-deluxe.jpg
https://pedidos.colorexlab.com/4671-home_default/pack-n8-colorex-deluxe.jpg";35x25;;;;
89;Pack 9 - Copias Rígidas;Comunión;https://pedidos.colorexlab.com/3872-large_default/pack-9-copias-rigidas-comunion.jpg;"https://pedidos.colorexlab.com/3872-home_default/pack-9-copias-rigidas-comunion.jpg
https://pedidos.colorexlab.com/3876-home_default/pack-9-copias-rigidas-comunion.jpg
https://pedidos.colorexlab.com/3873-home_default/pack-9-copias-rigidas-comunion.jpg
https://pedidos.colorexlab.com/3877-home_default/pack-9-copias-rigidas-comunion.jpg";;;;;
90;Pack Tradicional;Comunión;https://pedidos.colorexlab.com/2964-large_default/pack-tradicional-comunion.jpg;"https://pedidos.colorexlab.com/2964-home_default/pack-tradicional-comunion.jpg
https://pedidos.colorexlab.com/3085-home_default/pack-tradicional-comunion.jpg
https://pedidos.colorexlab.com/2965-home_default/pack-tradicional-comunion.jpg
https://pedidos.colorexlab.com/2963-home_default/pack-tradicional-comunion.jpg";33x33   25x36 V;;;;
91;Predigital;Comunión;https://pedidos.colorexlab.com/933-large_default/predigital.jpg;"https://pedidos.colorexlab.com/933-home_default/predigital.jpg
https://pedidos.colorexlab.com/934-home_default/predigital.jpg
https://pedidos.colorexlab.com/935-home_default/predigital.jpg";21x21   26x26   31x31;;;;
92;Ribbon;Comunión;https://pedidos.colorexlab.com/4928-large_default/ribbon.jpg;"https://pedidos.colorexlab.com/4928-home_default/ribbon.jpg
https://pedidos.colorexlab.com/4929-home_default/ribbon.jpg
https://pedidos.colorexlab.com/4930-home_default/ribbon.jpg
https://pedidos.colorexlab.com/4931-home_default/ribbon.jpg";30x30   35x25;;;;
93;Sensaciones;Comunión;https://pedidos.colorexlab.com/4571-large_default/sensaciones.jpg;"https://pedidos.colorexlab.com/4571-home_default/sensaciones.jpg
https://pedidos.colorexlab.com/4529-home_default/sensaciones.jpg
https://pedidos.colorexlab.com/4530-home_default/sensaciones.jpg
https://pedidos.colorexlab.com/4532-home_default/sensaciones.jpg";25x25   30x20   30x30   35x25;;;;
94;Solapa;Comunión;https://pedidos.colorexlab.com/4494-large_default/solapa.jpg;"https://pedidos.colorexlab.com/4494-home_default/solapa.jpg
https://pedidos.colorexlab.com/3335-home_default/solapa.jpg
https://pedidos.colorexlab.com/4493-home_default/solapa.jpg
https://pedidos.colorexlab.com/3336-home_default/solapa.jpg";25x25   30x30   35x25   29x36 V   40x30;;;;
95;Velours Comunión;Comunión;https://pedidos.colorexlab.com/2720-large_default/velours-comunion.jpg;"https://pedidos.colorexlab.com/2720-home_default/velours-comunion.jpg
https://pedidos.colorexlab.com/2721-home_default/velours-comunion.jpg
https://pedidos.colorexlab.com/2772-home_default/velours-comunion.jpg
https://pedidos.colorexlab.com/2723-home_default/velours-comunion.jpg";30x30   25x35 V   35x25   35x35   40x30;;;;
96;Watercolor Comunión;Comunión;https://pedidos.colorexlab.com/4590-large_default/watercolor-comunion.jpg;"https://pedidos.colorexlab.com/4590-home_default/watercolor-comunion.jpg
https://pedidos.colorexlab.com/4598-home_default/watercolor-comunion.jpg
https://pedidos.colorexlab.com/4591-home_default/watercolor-comunion.jpg
https://pedidos.colorexlab.com/2702-home_default/watercolor-comunion.jpg";25x25   30x30   25x35 V   35x25   40x30;;;;
97;Wave;Comunión;https://pedidos.colorexlab.com/4742-large_default/wave.jpg;"https://pedidos.colorexlab.com/4742-home_default/wave.jpg
https://pedidos.colorexlab.com/4743-home_default/wave.jpg
https://pedidos.colorexlab.com/4744-home_default/wave.jpg
https://pedidos.colorexlab.com/4745-home_default/wave.jpg";30x30   35x25   40x30;;;;
98;White Ring;Comunión;https://pedidos.colorexlab.com/2872-large_default/white-ring.jpg;"https://pedidos.colorexlab.com/2872-home_default/white-ring.jpg
https://pedidos.colorexlab.com/2873-home_default/white-ring.jpg
https://pedidos.colorexlab.com/2874-home_default/white-ring.jpg";25x25   30x30   35x25   29x36 V   40x30;;;;
99;Wood Motive;Comunión;https://pedidos.colorexlab.com/4693-large_default/wood-motive.jpg;"https://pedidos.colorexlab.com/4693-home_default/wood-motive.jpg
https://pedidos.colorexlab.com/4692-home_default/wood-motive.jpg
https://pedidos.colorexlab.com/4694-home_default/wood-motive.jpg
https://pedidos.colorexlab.com/4695-home_default/wood-motive.jpg";30x30   35x25;;;;
100;Wood Nature;Comunión;https://pedidos.colorexlab.com/4919-large_default/wood-nature.jpg;"https://pedidos.colorexlab.com/4919-home_default/wood-nature.jpg
https://pedidos.colorexlab.com/4918-home_default/wood-nature.jpg
https://pedidos.colorexlab.com/4920-home_default/wood-nature.jpg
https://pedidos.colorexlab.com/4921-home_default/wood-nature.jpg";25x25   30x25   30x30   25x35 V   35x25;;;;
101;Baby Motive;Baby Kids;https://pedidos.colorexlab.com/3631-large_default/baby-motive.jpg;"https://pedidos.colorexlab.com/3631-home_default/baby-motive.jpg
https://pedidos.colorexlab.com/3633-home_default/baby-motive.jpg";25x25   30x25;;;;
102;Baby Motive Fotoportada;Baby Kids;https://pedidos.colorexlab.com/3618-large_default/baby-motive.jpg;"https://pedidos.colorexlab.com/3618-home_default/baby-motive.jpg
https://pedidos.colorexlab.com/3619-home_default/baby-motive.jpg
https://pedidos.colorexlab.com/3620-home_default/baby-motive.jpg
https://pedidos.colorexlab.com/3621-home_default/baby-motive.jpg";20x20   24x18   25x25   30x25;;;;
103;Baby Motive Fotoportada Fotopegada;Baby Kids;https://pedidos.colorexlab.com/1384-large_default/baby-motive-fotoportada.jpg;"https://pedidos.colorexlab.com/1384-home_default/baby-motive-fotoportada.jpg
https://pedidos.colorexlab.com/1585-home_default/baby-motive-fotoportada.jpg
https://pedidos.colorexlab.com/1385-home_default/baby-motive-fotoportada.jpg
https://pedidos.colorexlab.com/1584-home_default/baby-motive-fotoportada.jpg";25x25   30x25;;;;
104;Baby Motive Ventana;Baby Kids;https://pedidos.colorexlab.com/3639-large_default/baby-motive-ventana.jpg;"https://pedidos.colorexlab.com/3639-home_default/baby-motive-ventana.jpg
https://pedidos.colorexlab.com/3640-home_default/baby-motive-ventana.jpg";25x25   30x25;;;;
105;Bohemian Baby;Baby Kids;https://pedidos.colorexlab.com/3414-large_default/bohemian-baby.jpg;"https://pedidos.colorexlab.com/3414-home_default/bohemian-baby.jpg
https://pedidos.colorexlab.com/3413-home_default/bohemian-baby.jpg
https://pedidos.colorexlab.com/3415-home_default/bohemian-baby.jpg
https://pedidos.colorexlab.com/3416-home_default/bohemian-baby.jpg";20x20   24x18   25x25   30x25;;;;
106;Bohemian Baby Fotopegada;Baby Kids;https://pedidos.colorexlab.com/1386-large_default/bohemian-baby-fotopegada.jpg;"https://pedidos.colorexlab.com/1386-home_default/bohemian-baby-fotopegada.jpg
https://pedidos.colorexlab.com/1582-home_default/bohemian-baby-fotopegada.jpg
https://pedidos.colorexlab.com/1387-home_default/bohemian-baby-fotopegada.jpg
https://pedidos.colorexlab.com/1583-home_default/bohemian-baby-fotopegada.jpg";25x25   30x25;;;;
107;Book Family;Baby Kids;https://pedidos.colorexlab.com/1239-large_default/book-family.jpg;"https://pedidos.colorexlab.com/1239-home_default/book-family.jpg
https://pedidos.colorexlab.com/742-home_default/book-family.jpg
https://pedidos.colorexlab.com/1240-home_default/book-family.jpg
https://pedidos.colorexlab.com/1238-home_default/book-family.jpg";20x20   24x18   25x25   30x25;;;;
108;Book Family Fotopegada;Baby Kids;https://pedidos.colorexlab.com/1391-large_default/book-family-fotopegada.jpg;"https://pedidos.colorexlab.com/1391-home_default/book-family-fotopegada.jpg
https://pedidos.colorexlab.com/1520-home_default/book-family-fotopegada.jpg
https://pedidos.colorexlab.com/1389-home_default/book-family-fotopegada.jpg
https://pedidos.colorexlab.com/1392-home_default/book-family-fotopegada.jpg";25x25;;;;
109;Book Family Predigital;Baby Kids;https://pedidos.colorexlab.com/1416-large_default/book-family.jpg;"https://pedidos.colorexlab.com/1416-home_default/book-family.jpg
https://pedidos.colorexlab.com/1413-home_default/book-family.jpg
https://pedidos.colorexlab.com/1415-home_default/book-family.jpg
https://pedidos.colorexlab.com/1414-home_default/book-family.jpg";21x21   26x26;;;;
110;Caja madera + Copias Paspartú;Baby Kids;https://pedidos.colorexlab.com/3924-large_default/caja-de-madera-copias-paspartu.jpg;"https://pedidos.colorexlab.com/3924-home_default/caja-de-madera-copias-paspartu.jpg
https://pedidos.colorexlab.com/3926-home_default/caja-de-madera-copias-paspartu.jpg
https://pedidos.colorexlab.com/1045-home_default/caja-de-madera-copias-paspartu.jpg
https://pedidos.colorexlab.com/1043-home_default/caja-de-madera-copias-paspartu.jpg";20x15   20x20;;;;
111;Colorex;Baby Kids;https://pedidos.colorexlab.com/3595-large_default/colorex.jpg;"https://pedidos.colorexlab.com/3595-home_default/colorex.jpg
https://pedidos.colorexlab.com/3596-home_default/colorex.jpg
https://pedidos.colorexlab.com/3597-home_default/colorex.jpg
https://pedidos.colorexlab.com/3598-home_default/colorex.jpg";20x20   24x18   25x25   30x25;;;;
112;Crystal;Baby Kids;https://pedidos.colorexlab.com/3557-large_default/metacrilato.jpg;"https://pedidos.colorexlab.com/3557-home_default/metacrilato.jpg
https://pedidos.colorexlab.com/3558-home_default/metacrilato.jpg
https://pedidos.colorexlab.com/3559-home_default/metacrilato.jpg
https://pedidos.colorexlab.com/3560-home_default/metacrilato.jpg";25x25   30x30   35x25;;;;
113;Libretto;Baby Kids;https://pedidos.colorexlab.com/3546-large_default/libretto.jpg;"https://pedidos.colorexlab.com/3546-home_default/libretto.jpg
https://pedidos.colorexlab.com/3545-home_default/libretto.jpg
https://pedidos.colorexlab.com/3547-home_default/libretto.jpg
https://pedidos.colorexlab.com/3549-home_default/libretto.jpg";20x20   24x18   25x25   30x25;;;;
114;Libretto Tata;Baby Kids;https://pedidos.colorexlab.com/3553-large_default/libretto.jpg;"https://pedidos.colorexlab.com/3553-home_default/libretto.jpg
https://pedidos.colorexlab.com/3554-home_default/libretto.jpg
https://pedidos.colorexlab.com/3555-home_default/libretto.jpg
https://pedidos.colorexlab.com/3556-home_default/libretto.jpg";25x25   30x20;;;;
115;Modelo 1 Fotopegada;Baby Kids;https://pedidos.colorexlab.com/1501-large_default/modelo-1-fotopegada.jpg;"https://pedidos.colorexlab.com/1501-home_default/modelo-1-fotopegada.jpg
https://pedidos.colorexlab.com/1513-home_default/modelo-1-fotopegada.jpg
https://pedidos.colorexlab.com/1502-home_default/modelo-1-fotopegada.jpg
https://pedidos.colorexlab.com/1503-home_default/modelo-1-fotopegada.jpg";30x30;;;;
116;Modelo 2 Fotopegada;Baby Kids;https://pedidos.colorexlab.com/1504-large_default/modelo-2-fotopegada.jpg;"https://pedidos.colorexlab.com/1504-home_default/modelo-2-fotopegada.jpg
https://pedidos.colorexlab.com/1515-home_default/modelo-2-fotopegada.jpg
https://pedidos.colorexlab.com/1505-home_default/modelo-2-fotopegada.jpg
https://pedidos.colorexlab.com/1506-home_default/modelo-2-fotopegada.jpg";25x25   30x30;;;;
117;Pack 1 - Seguimiento;Baby Kids;https://pedidos.colorexlab.com/3729-large_default/pack-1-seguimiento.jpg;"https://pedidos.colorexlab.com/3729-home_default/pack-1-seguimiento.jpg
https://pedidos.colorexlab.com/3730-home_default/pack-1-seguimiento.jpg
https://pedidos.colorexlab.com/3731-home_default/pack-1-seguimiento.jpg
https://pedidos.colorexlab.com/3732-home_default/pack-1-seguimiento.jpg";;;;;
118;Pack 10 - Copias Slider;Baby Kids;https://pedidos.colorexlab.com/3843-large_default/pack-10-copias-slider.jpg;"https://pedidos.colorexlab.com/3843-home_default/pack-10-copias-slider.jpg
https://pedidos.colorexlab.com/3844-home_default/pack-10-copias-slider.jpg
https://pedidos.colorexlab.com/3845-home_default/pack-10-copias-slider.jpg
https://pedidos.colorexlab.com/3846-home_default/pack-10-copias-slider.jpg";;;;;
119;Pack 2 - Seguimiento Libretto;Baby Kids;https://pedidos.colorexlab.com/3742-large_default/pack-seguimiento-libretto.jpg;"https://pedidos.colorexlab.com/3742-home_default/pack-seguimiento-libretto.jpg
https://pedidos.colorexlab.com/3741-home_default/pack-seguimiento-libretto.jpg
https://pedidos.colorexlab.com/3743-home_default/pack-seguimiento-libretto.jpg
https://pedidos.colorexlab.com/3744-home_default/pack-seguimiento-libretto.jpg";;;;;
120;Pack 3 - Bohemian Baby;Baby Kids;https://pedidos.colorexlab.com/2260-large_default/pack-bohemian-baby-frame-box-cristal.jpg;"https://pedidos.colorexlab.com/2260-home_default/pack-bohemian-baby-frame-box-cristal.jpg
https://pedidos.colorexlab.com/2261-home_default/pack-bohemian-baby-frame-box-cristal.jpg
https://pedidos.colorexlab.com/3677-home_default/pack-bohemian-baby-frame-box-cristal.jpg
https://pedidos.colorexlab.com/2262-home_default/pack-bohemian-baby-frame-box-cristal.jpg";20x20   24x18   25x25   30x25;;;;
121;Pack 4 - Cristal Mix;Baby Kids;https://pedidos.colorexlab.com/4240-large_default/pack-baby-motive-fotoportada-caja-cristal-mix.jpg;"https://pedidos.colorexlab.com/4240-home_default/pack-baby-motive-fotoportada-caja-cristal-mix.jpg
https://pedidos.colorexlab.com/4239-home_default/pack-baby-motive-fotoportada-caja-cristal-mix.jpg
https://pedidos.colorexlab.com/3678-home_default/pack-baby-motive-fotoportada-caja-cristal-mix.jpg
https://pedidos.colorexlab.com/4241-home_default/pack-baby-motive-fotoportada-caja-cristal-mix.jpg";20x20   25x25;;;;
122;Pack 5 - Baby Motive Fotoportada;Baby Kids;https://pedidos.colorexlab.com/1226-large_default/pack-n15b-album-baby-motive-fotoportada-caja-de-madera-blanca.jpg;"https://pedidos.colorexlab.com/1226-home_default/pack-n15b-album-baby-motive-fotoportada-caja-de-madera-blanca.jpg
https://pedidos.colorexlab.com/3771-home_default/pack-n15b-album-baby-motive-fotoportada-caja-de-madera-blanca.jpg
https://pedidos.colorexlab.com/1227-home_default/pack-n15b-album-baby-motive-fotoportada-caja-de-madera-blanca.jpg
https://pedidos.colorexlab.com/1228-home_default/pack-n15b-album-baby-motive-fotoportada-caja-de-madera-blanca.jpg";25x25   30x20   30x25;;;;
123;Pack 6 - Tu y Yo;Baby Kids;https://pedidos.colorexlab.com/1560-large_default/pack-tu-y-yo.jpg;"https://pedidos.colorexlab.com/1560-home_default/pack-tu-y-yo.jpg
https://pedidos.colorexlab.com/1558-home_default/pack-tu-y-yo.jpg
https://pedidos.colorexlab.com/1559-home_default/pack-tu-y-yo.jpg
https://pedidos.colorexlab.com/1561-home_default/pack-tu-y-yo.jpg";25x25   30x25;;;;
124;Pack 7 - Abuelos;Baby Kids;https://pedidos.colorexlab.com/1565-large_default/pack-abuelos.jpg;"https://pedidos.colorexlab.com/1565-home_default/pack-abuelos.jpg
https://pedidos.colorexlab.com/1566-home_default/pack-abuelos.jpg
https://pedidos.colorexlab.com/1567-home_default/pack-abuelos.jpg
https://pedidos.colorexlab.com/1568-home_default/pack-abuelos.jpg";25x25   30x25;;;;
125;Pack 8 - Mini Baby;Baby Kids;https://pedidos.colorexlab.com/1576-large_default/pack-mini-baby-20x15-sobre-textil.jpg;"https://pedidos.colorexlab.com/1576-home_default/pack-mini-baby-20x15-sobre-textil.jpg
https://pedidos.colorexlab.com/1577-home_default/pack-mini-baby-20x15-sobre-textil.jpg
https://pedidos.colorexlab.com/1578-home_default/pack-mini-baby-20x15-sobre-textil.jpg
https://pedidos.colorexlab.com/1579-home_default/pack-mini-baby-20x15-sobre-textil.jpg";20x15;;;;
126;Pack 9 - Copias Rígidas;Baby Kids;https://pedidos.colorexlab.com/3824-large_default/pack-9-copias-rigidas.jpg;"https://pedidos.colorexlab.com/3824-home_default/pack-9-copias-rigidas.jpg
https://pedidos.colorexlab.com/3825-home_default/pack-9-copias-rigidas.jpg
https://pedidos.colorexlab.com/3826-home_default/pack-9-copias-rigidas.jpg
https://pedidos.colorexlab.com/3827-home_default/pack-9-copias-rigidas.jpg";;;;;
127;Pack Tradicional;Baby Kids;https://pedidos.colorexlab.com/3820-large_default/pack-tradicional.jpg;"https://pedidos.colorexlab.com/3820-home_default/pack-tradicional.jpg
https://pedidos.colorexlab.com/3674-home_default/pack-tradicional.jpg
https://pedidos.colorexlab.com/3821-home_default/pack-tradicional.jpg
https://pedidos.colorexlab.com/3675-home_default/pack-tradicional.jpg";33x33   25x36 V;;;;
128;Predigital;Baby Kids;https://pedidos.colorexlab.com/3447-large_default/predigital.jpg;"https://pedidos.colorexlab.com/3447-home_default/predigital.jpg
https://pedidos.colorexlab.com/3446-home_default/predigital.jpg
https://pedidos.colorexlab.com/3449-home_default/predigital.jpg
https://pedidos.colorexlab.com/3450-home_default/predigital.jpg";21x21   26x26;;;;
129;Solapa;Baby Kids;https://pedidos.colorexlab.com/3523-large_default/solapa.jpg;"https://pedidos.colorexlab.com/3523-home_default/solapa.jpg
https://pedidos.colorexlab.com/3524-home_default/solapa.jpg
https://pedidos.colorexlab.com/3526-home_default/solapa.jpg";25x25   30x20;;;;
130;Tata;Baby Kids;https://pedidos.colorexlab.com/3505-large_default/tata.jpg;"https://pedidos.colorexlab.com/3505-home_default/tata.jpg
https://pedidos.colorexlab.com/3506-home_default/tata.jpg
https://pedidos.colorexlab.com/3507-home_default/tata.jpg
https://pedidos.colorexlab.com/3508-home_default/tata.jpg";20x20   24x18   25x25   30x25;;;;
131;Tilda;Baby Kids;https://pedidos.colorexlab.com/3623-large_default/tilda.jpg;"https://pedidos.colorexlab.com/3623-home_default/tilda.jpg
https://pedidos.colorexlab.com/3626-home_default/tilda.jpg";25x25   30x25;;;;
132;Vichy;Baby Kids;https://pedidos.colorexlab.com/3531-large_default/vichy.jpg;"https://pedidos.colorexlab.com/3531-home_default/vichy.jpg
https://pedidos.colorexlab.com/3532-home_default/vichy.jpg
https://pedidos.colorexlab.com/3533-home_default/vichy.jpg
https://pedidos.colorexlab.com/3534-home_default/vichy.jpg";20x20   24x18   25x25   30x25;;;;
133;Wave;Baby Kids;https://pedidos.colorexlab.com/3472-large_default/wave.jpg;"https://pedidos.colorexlab.com/3472-home_default/wave.jpg
https://pedidos.colorexlab.com/3470-home_default/wave.jpg
https://pedidos.colorexlab.com/3473-home_default/wave.jpg
https://pedidos.colorexlab.com/3471-home_default/wave.jpg";30x30   35x25   40x30;;;;
